Office stock,2018-11-25,57,QY777AA,HP USB Mouse,FCMHH0C9ZB4LSN,1,21,PSLS-0909/18-19,2018-10-25,1,2019-10-24
Office stock,2018-11-26,57,QY777AA,HP USB Mouse,FCMHH0C9ZB4L34,1,21,PSLS-0909/18-19,2018-10-25,1,2019-10-24
Office stock,2018-11-27,57,QY777AA,HP USB Mouse,FCMHH0C9ZB4LS1,1,21,PSLS-0909/18-19,2018-10-25,1,2019-10-24
Office stock,2018-11-28,57,QY777AA,HP USB Mouse,FCMHH0C9ZB4LSG,1,21,PSLS-0909/18-19,2018-10-25,1,2019-10-24
Office stock,2018-11-29,57,QY777AA,HP USB Mouse,FCMHH0C9ZB4LS0,1,21,PSLS-0909/18-19,2018-10-25,1,2019-10-24
Office stock,2018-11-30,57,QY777AA,HP USB Mouse,FCMHH0C9ZB4L2D,1,21,PSLS-0909/18-19,2018-10-25,1,2019-10-24
Office stock,2018-12-01,57,QY777AA,HP USB Mouse,FCMHH0C9ZB4L2F,1,21,PSLS-0909/18-19,2018-10-25,1,2019-10-24
Office stock,2018-12-02,57,QY777AA,HP USB Mouse,FCMHH0C9ZB4LS9,1,21,PSLS-0909/18-19,2018-10-25,1,2019-10-24
Office stock,2018-12-03,57,QY777AA,HP USB Mouse,FCMHH0C9ZB4LS7,1,21,PSLS-0909/18-19,2018-10-25,1,2019-10-24
Office stock,2018-12-04,57,QY777AA,HP USB Mouse,FCMHH0C9ZB4L3X,1,21,PSLS-0909/18-19,2018-10-25,1,2019-10-24
18190611,2019-02-26,58,V4L74AA,HP WIRELESS COMBO,7CH7355YPD,1,21,PSLS-1293/18-19,2019-01-23,1,2020-01-22
18190611,2019-02-26,58,V4L74AA,HP WIRELESS COMBO,7CH7355YP7,1,21,PSLS-1293/18-19,2019-01-23,1,2020-01-22
18190641,2019-03-13,59, - ,Compatible Battery For HP 4320s Laptop,GC101825BTO25413,1,21,PSLS-1488/18-19,2019-03-13,1,2020-03-11
18190687,2019-03-30,1,MC34Y,DELL LATOP BATTERY,CN0MC34YSLW008B2K0BXA01,1,21,PSLS-1543/18-19,2019-03-29,1,2020-03-27
